{
  "timestamp": "2025-04-05 16:23:09",
  "timestamp_unix": 1743884589,
  "test_count": 3,
  "endpoints": {
    "HeliusWS": "wss://mainnet.helius-rpc.com/?api-key=8fd1a2cd-76e7-4462-b38b-1026960edd40",
    "OfficialWS": "wss://api.mainnet-beta.solana.com",
    "QuikNodeWS": "wss://still-neat-log.solana-mainnet.quiknode.pro/2a0ede8be35aa5c655c08939f1831e8fb52ddeba/",
    "BranchWS": "ws://162.249.175.2:8900"
  },
  "connection_results": {
    "HeliusWS": {
      "min": 158.19191932678223,
      "max": 191.6491985321045,
      "avg": 177.94601122538248,
      "median": 183.99691581726074,
      "stdev": 17.530187327599567
    },
    "OfficialWS": {
      "min": 56.000709533691406,
      "max": 60.175180435180664,
      "avg": 58.55512619018555,
      "median": 59.48948860168457,
      "stdev": 2.238599263794625
    },
    "QuikNodeWS": {
      "min": 57.55877494812012,
      "max": 68.26138496398926,
      "avg": 62.726338704427086,
      "median": 62.358856201171875,
      "stdev": 5.36076000494283
    },
    "BranchWS": {
      "min": 17.084121704101562,
      "max": 17.89069175720215,
      "avg": 17.534176508585613,
      "median": 17.627716064453125,
      "stdev": 0.4113405511538939
    }
  },
  "method_results": {
    "getVersion": {
      "HeliusWS": {
        "min": 21.571874618530273,
        "max": 30.888080596923828,
        "avg": 25.33690134684245,
        "median": 23.550748825073242,
        "stdev": 4.9082256550846175,
        "count": 3,
        "failures": 0
      },
      "QuikNodeWS": {
        "min": 8.080244064331055,
        "max": 10.109186172485352,
        "avg": 8.835474650065104,
        "median": 8.316993713378906,
        "stdev": 1.1094000093927567,
        "count": 3,
        "failures": 0
      },
      "BranchWS": {
        "min": 15.992164611816406,
        "max": 55.860042572021484,
        "avg": 29.385805130004883,
        "median": 16.305208206176758,
        "stdev": 22.927896440258053,
        "count": 3,
        "failures": 0
      }
    },
    "getAccountInfo": {},
    "getRecentBlockhash": {},
    "getProgramAccounts": {
      "QuikNodeWS": {
        "min": 29.695749282836914,
        "max": 40.444135665893555,
        "avg": 36.78282101949056,
        "median": 40.20857810974121,
        "stdev": 6.138714131715314,
        "count": 3,
        "failures": 0
      }
    }
  }
}