{
  "timestamp": "2025-04-05 15:34:21",
  "timestamp_unix": 1743881661,
  "test_count": 3,
  "endpoints": {
    "HeliusWS": "wss://mainnet.helius-rpc.com/?api-key=8fd1a2cd-76e7-4462-b38b-1026960edd40",
    "OfficialWS": "wss://api.mainnet-beta.solana.com",
    "QuikNodeWS": "wss://still-neat-log.solana-mainnet.quiknode.pro/2a0ede8be35aa5c655c08939f1831e8fb52ddeba/",
    "BranchWS": "ws://162.249.175.2:8900"
  },
  "connection_results": {
    "HeliusWS": {
      "min": 167.99163818359375,
      "max": 223.16837310791016,
      "avg": 188.08301289876303,
      "median": 173.08902740478516,
      "stdev": 30.49151882035861
    },
    "OfficialWS": {
      "min": 60.853004455566406,
      "max": 271.2991237640381,
      "avg": 134.81012980143228,
      "median": 72.27826118469238,
      "stdev": 118.34089837213841
    },
    "QuikNodeWS": {
      "min": 66.87498092651367,
      "max": 73.77123832702637,
      "avg": 70.46397527058919,
      "median": 70.74570655822754,
      "stdev": 3.4567500520513916
    },
    "BranchWS": {
      "min": 16.86716079711914,
      "max": 18.15509796142578,
      "avg": 17.60562260945638,
      "median": 17.79460906982422,
      "stdev": 0.6644414544956773
    }
  },
  "method_results": {
    "getVersion": {
      "HeliusWS": {
        "min": 26.550769805908203,
        "max": 31.46982192993164,
        "avg": 28.214772542317707,
        "median": 26.62372589111328,
        "stdev": 2.8191914682132695,
        "count": 3,
        "failures": 0
      },
      "OfficialWS": {
        "min": 7.9498291015625,
        "max": 54.33487892150879,
        "avg": 23.892720540364582,
        "median": 9.393453598022461,
        "stdev": 26.373561915272198,
        "count": 3,
        "failures": 0
      },
      "QuikNodeWS": {
        "min": 8.06427001953125,
        "max": 8.267402648925781,
        "avg": 8.16019376118978,
        "median": 8.148908615112305,
        "stdev": 0.1020354456680444,
        "count": 3,
        "failures": 0
      },
      "BranchWS": {
        "min": 16.41702651977539,
        "max": 56.253671646118164,
        "avg": 30.141353607177734,
        "median": 17.75336265563965,
        "stdev": 22.623799716053103,
        "count": 3,
        "failures": 0
      }
    },
    "getFees": {},
    "getSlot": {
      "QuikNodeWS": {
        "min": 7.969379425048828,
        "max": 8.477210998535156,
        "avg": 8.205493291219076,
        "median": 8.169889450073242,
        "stdev": 0.2557810624062174,
        "count": 3,
        "failures": 0
      }
    },
    "getBlockTime": {}
  }
}