{
  "timestamp": "2025-04-05 15:43:44",
  "timestamp_unix": 1743882224,
  "test_count": 3,
  "endpoints": {
    "HeliusWS": "wss://mainnet.helius-rpc.com/?api-key=8fd1a2cd-76e7-4462-b38b-1026960edd40",
    "OfficialWS": "wss://api.mainnet-beta.solana.com",
    "QuikNodeWS": "wss://still-neat-log.solana-mainnet.quiknode.pro/2a0ede8be35aa5c655c08939f1831e8fb52ddeba/",
    "BranchWS": "ws://162.249.175.2:8900"
  },
  "connection_results": {
    "HeliusWS": {
      "min": 214.7839069366455,
      "max": 280.301570892334,
      "avg": 241.1038080851237,
      "median": 228.2259464263916,
      "stdev": 34.605210059017296
    },
    "OfficialWS": {
      "min": 59.41128730773926,
      "max": 5085.756540298462,
      "avg": 1807.0923487345378,
      "median": 276.1092185974121,
      "stdev": 2841.4729735014103
    },
    "QuikNodeWS": {
      "min": 62.41750717163086,
      "max": 88.99879455566406,
      "avg": 72.70677884419759,
      "median": 66.70403480529785,
      "stdev": 14.271156636571208
    },
    "BranchWS": {
      "min": 17.351388931274414,
      "max": 17.979860305786133,
      "avg": 17.599821090698242,
      "median": 17.46821403503418,
      "stdev": 0.334266929220623
    }
  },
  "method_results": {
    "getVersion": {
      "HeliusWS": {
        "min": 21.596193313598633,
        "max": 33.98442268371582,
        "avg": 28.049786885579426,
        "median": 28.568744659423828,
        "stdev": 6.210398103981231,
        "count": 3,
        "failures": 0
      },
      "QuikNodeWS": {
        "min": 7.620573043823242,
        "max": 8.675098419189453,
        "avg": 8.107980092366537,
        "median": 8.028268814086914,
        "stdev": 0.5317625012508315,
        "count": 3,
        "failures": 0
      },
      "BranchWS": {
        "min": 15.984535217285156,
        "max": 57.024478912353516,
        "avg": 29.80645497639974,
        "median": 16.410350799560547,
        "stdev": 23.57246168649218,
        "count": 3,
        "failures": 0
      }
    },
    "getAccountInfo": {},
    "getRecentBlockhash": {},
    "getProgramAccounts": {
      "QuikNodeWS": {
        "min": 29.9685001373291,
        "max": 34.589529037475586,
        "avg": 32.22084045410156,
        "median": 32.1044921875,
        "stdev": 2.3127104689850713,
        "count": 3,
        "failures": 0
      }
    }
  }
}